"issueid","problem","category","solution","resolution","resolution_confirmed","source_comment_seq","solution_scope","limitations"
"1007444.0","In UAT, cancelling a customer mobile-number change after entering a rejected number changed the active and registered flags to no.","Application / Customer Mobile Update","The development team deployed a release containing a fix to UAT. Support reported testing the affected scenario there.","The reporter confirmed the result, and support then closed the ticket.","true","{""problem"":[0,1,8],""solution"":[14,15],""resolution"":[18,19]}","explanation","The source does not provide the code change, release version, deployment steps, or production outcome. The internal root cause is not described in enough detail to reproduce the fix."
"1007123.0","A user could not access certain clearing items and encountered an out-of-bounds error. Similar cases were later reported.","Application / Data Consistency","Support proposed a targeted data update to correct the affected digit length, with a rollback plan. The update was implemented in production as a workaround.","The reporter confirmed that the affected items became visible. Further investigation and prevention work continued separately.","true","{""problem"":[0,34,45],""solution"":[52,56,58],""resolution"":[60,62]}","workaround","The SQL and object names are masked. The issue could not be reproduced in test. The underlying cause and prevention for other cases were still under investigation; this record is not a general repair procedure."
"1006536.0","An on-us item remained in routing after being scanned in production. Investigation found that the item had reached the system's three-presentment limit.","Application / Presentment Limit","Support advised returning the item to the customer or clearing it outside the system because it could not be presented again through the normal flow.","The reporter said the item was assigned for manual handling and requested ticket closure. The comments do not confirm that the manual handling was completed.","false","{""problem"":[0,1,6,19],""solution"":[21],""resolution"":[23,25]}","workaround","The exact manual handling procedure and final item disposition are not documented. A parameter increase was mentioned earlier but its approval or execution is not confirmed; do not present it as an applied fix."
"1005816.0","Transactions in an expired wallet were not being reversed as expected, blocking the requested cash-out.","Application / Wallet Expiry Job","Support linked the issue to the job that reverses transactions in expired wallets. A release containing a fix was deployed to UAT, then to rehearsal and production.","The reporter confirmed that the UAT test worked. Support later reported a successful rehearsal test and production deployment; another participant requested ticket closure.","true","{""problem"":[0,10,13],""solution"":[14,15,25,30],""resolution"":[20,29,32,33]}","explanation","The reporter's explicit success confirmation covers UAT. The comments do not independently verify the result in production. No code change, release version, job configuration, or reproducible deployment steps are provided."
"1005097.0","The scanning module allowed only five items per batch, below the limit expected by the reporter.","Application / Scan Batch Limit","Support revised a database parameter change after an initial unsuccessful test, verified the revised change with the bank on the test system, and then applied it in production.","The reporter confirmed successful testing and later stated that the production issue was resolved.","true","{""problem"":[0],""solution"":[1,22,40,46,51,52],""resolution"":[46,55]}","explanation","The parameter name, final value, SQL and rollback statements are masked. Clearing cache alone did not solve the first test. Do not turn this case into a reusable SQL procedure without those details."
"1010541.0","On some Android devices, the customer app repeatedly requested camera permission and prevented QR-code scanning even when permission appeared to be granted.","Mobile App / Android Camera Permission","Developers attributed the behavior to a change in Android permission handling and supplied a new customer app release for testing and publication.","The reporter later stated that the issue was solved, and support closed the ticket.","true","{""problem"":[0,11],""solution"":[15,18],""resolution"":[20,23,24]}","explanation","Affected device and Android version details are masked. The reporter could not reproduce the customer case in UAT before publication, and the exact code change is not documented. The developer's cause statement is not an independently verified diagnosis for every device."
"1006218.0","An item was stuck, could not be processed or deleted, and scanning it again produced a duplicate error. The previously suggested scan-monitor deletion did not work for this case.","Application / Stuck Item","Investigation found a special character in an account field. After bank approval, support changed the item's status so it could move to repair; the change was applied in production.","The reporter stated that the branch head confirmed everything was okay and requested ticket closure.","true","{""problem"":[0,1],""solution"":[9,10,11,12],""resolution"":[13]}","explanation","The SQL and rollback statements are masked. This was an approved data change for one item, not a general instruction to modify production records."
"1004778.0","Rejecting a deposit request incorrectly consumed one of the item's available clearing-cycle attempts.","Application / Clearing Cycle","A new release changed how the clearing cycle was calculated so rejected inward requests would not incorrectly reduce the available attempts.","The reporter said the fix was working in the test environment and later explicitly confirmed that the issue was fixed.","true","{""problem"":[0,1],""solution"":[9,10],""resolution"":[17,21]}","explanation","The release version and exact code change are not available. The comments plan a production deployment but do not independently document its completion, so the final confirmation should not be presented as proof of a specific production deployment."
"1005715.0","An item landed in the exception monitor after scanning, and the user could not correct its information there.","Application / Exception Monitor","Support supplied a replacement build for the exception-monitor issue. After investigation of an unavailable branch code, the fix was deployed and tested in UAT.","The reporter stated that UAT testing was complete while approval for production deployment was still in progress.","true","{""problem"":[0,1,8],""solution"":[7,9,11],""resolution"":[11,15]}","explanation","The reporter's confirmation covers UAT only. Production deployment was not approved or confirmed in these comments. The replacement file and implementation details are masked."
"1004427.0","A branch was missing from the receiving system, causing an unreachable-destination response for item presentment. Further checks found other branches were also missing.","Integration / Branch Synchronization","Support added missing branch records and supplied an updated services adapter intended to broadcast newly added branches. The adapter was tested and then moved to production.","Support stated that the provided fix was working and closed the ticket.","false","{""problem"":[0,1,11],""solution"":[4,21,28,29],""resolution"":[30]}","explanation","The final success statement is from support; a separate reporter confirmation after production deployment is not shown. SQL statements, adapter file and exact version are masked, so this is not a deployable procedure."
